ID,GENDER,DEGREE,AGE_RANGE,BLACK,LGBTQIA_PLUS,STATE,CONTRACT,WORK_PLACE,COMPANY_TYPE,COMPANY_SIZE,ANDROID_ACTIVITY,WORK_LEVEL,ANDROID_SIZE,COMPANY_IN_BRAZIL,COMPANY_STATE,COMPANY_REGION,SALARY_RANGE,BENEFITS,ABROAD_COMPANY_CONTINENT,ABROAD_CURRENCY,ABROAD_SALARY_RANGE,ABROAD_RELOCATION_AID
001,M,Ensino superior completo,30-39,N,N,B-CE,CLT,Totalmente presencial,COM,501,Android Primário,Júnior,1-2,S,OU,Interior,1000-3000,"Plano de saúde, Vale alimentação, Vale refeição, Vale transporte, Auxílio para Estacionamentoudos, Home office parcial, Pilates, Yoga, Academia",,,,
002,M,Ensino superior completo,21-29,N,N,B-MG,CLT,Totalmente presencial,TEC,11-50,Android Primário,Pleno,3-5,S,MG,Interior,3000-6000,"Plano de saúde, Plano odontológico, Vale refeição, Vale transporte, Home office parcial",,,,
003,M,Ensino superior incompleto,21-29,S,N,B-GO,CLT,Parcialmente presencial,TEC,11-50,Android Primário,Pleno,11,S,OU,Região metropolitana,3000-6000,"Plano de saúde, Plano odontológico, Vale alimentação, Home office parcial, Home office liberado",,,,
004,M,Ensino superior incompleto,40-49,N,N,E-AN,CLT,Totalmente presencial,FIN,11-50,Android Primário,Sênior,5-10,N,,,,,AN,OUT,6000-9000,N/A
005,M,Ensino superior completo,21-29,N,N,B-SP,PJS,Remoto devido ao COVID,TEC,11-50,Android Primário,Júnior,5-10,S,SP,Região metropolitana,3000-6000,Home office liberado,,,,
006,F,Ensino superior incompleto,21-29,N,N,B-SP,PJS,Remoto devido ao COVID,FIN,101-500,Android Primário,Pleno,3-5,S,SP,Região metropolitana,6000-9000,"Plano de saúde, Plano odontológico, Vale alimentação, Vale refeição, Vale transporte, Seguro de vida, Auxílio para Estacionamentoudos, Auxílio para Auxílio para eventosntos, Home office liberado, Outros",,,,
007,M,Ensino superior incompleto,21-29,N,N,B-PR,CLT,Totalmente remoto,ALI,501,Android Primário,Sênior,11,S,SP,Região metropolitana,6000-9000,"Plano de saúde, Plano odontológico, Vale alimentação, Vale refeição, Vale transporte, Seguro de vida, Auxílio creche, Home office parcial, 13º Salário",,,,
008,M,Pós-graduação,30-39,N,N,B-SP,CLT,Parcialmente presencial,TEC,501,Android Primário,Sênior,11,S,SP,Interior,6000-9000,"Plano de saúde, Plano odontológico, Vale alimentação, Vale refeição, Vale transporte, Estacionamentoacionamento, Seguro de vida, Auxílio creche, Outros",,,,
009,M,Ensino superior completo,30-39,N,S,B-SP,EST,,OUT,0,Não relacionado,,,,,,,,,,,
010,M,Pós-graduação,30-39,N,N,B-RS,PJS,Totalmente remoto,TEC,51-100,Android Primário,Sênior,11,S,SP,Região metropolitana,12000-15000,"Plano de saúde, Plano odontológico, Vale alimentação, Vale refeição, Vale transporte, Auxílio para Auxílio para eventosntos, Home office parcial, Home office liberado",,,,
011,M,Mestrado,30-39,N,N,B-PE,CLT,,TEC,501,Não relacionado,,,,,,,,,,,
012,M,Ensino superior incompleto,30-39,N,N,B-PE,CLT,Totalmente presencial,TEC,501,Android Primário,Pleno,11,S,PE,Região metropolitana,6000-9000,"Plano de saúde, Plano odontológico, Vale alimentação, Vale refeição, Vale transporte, Seguro de vida, 13º Salário",,,,
013,M,Ensino superior completo,21-29,N,N,B-SP,CLT,Parcialmente presencial,FIN,51-100,Android Primário,Sênior,3-5,S,SP,Região metropolitana,6000-9000,"Plano de saúde, Plano odontológico, Vale refeição, Seguro de vida, Auxílio creche, Auxílio para Estacionamentoudos, Auxílio para Auxílio para eventosntos, Home office liberado, Férias, 13º Salário",,,,
014,M,Pós-graduação,30-39,N,N,B-SP,CLT,Remoto devido ao COVID,FIN,501,Android Secundário,Líder Técnico,11,S,SP,Região metropolitana,6000-9000,"Plano de saúde, Plano odontológico, Vale alimentação, Vale refeição, Seguro de vida, Auxílio creche, Home office parcial, Home office liberado",,,,
015,M,Ensino superior incompleto,21-29,N,N,B-ES,CLT,Totalmente presencial,FIN,501,Android Primário,Pleno,11,S,ES,Região metropolitana,6000-9000,"Plano de saúde, Plano odontológico, Vale alimentação, Vale refeição, Vale transporte, Estacionamentoacionamento, Auxílio para Estacionamentoudos, Auxílio para Auxílio para eventosntos, Home office liberado",,,,
016,M,Ensino superior completo,30-39,N,N,B-MG,CLT,Totalmente presencial,OUT,501,Android Primário,Especialista,5-10,S,MG,Região metropolitana,6000-9000,"Plano de saúde, Plano odontológico, Vale refeição, Estacionamentoacionamento, Auxílio para Auxílio para eventosntos, Home office parcial",,,,
017,M,Ensino superior incompleto,30-39,N,N,B-RJ,CLT,Totalmente remoto,FIN,501,Android Primário,Sênior,11,S,SP,Interior,6000-9000,"Plano de saúde, Plano odontológico, Vale alimentação, Vale transporte, Seguro de vida, Auxílio creche",,,,
018,M,Pós-graduação,21-29,N,N,B-GO,CLT,Totalmente presencial,FIN,11-50,Android Primário,Pleno,1-2,S,OU,Região metropolitana,3000-6000,Nenhum benefício,,,,
019,M,Ensino superior completo,21-29,N,N,B-SP,CLT,Parcialmente presencial,TEC,501,Android Primário,Pleno,11,S,SP,Região metropolitana,6000-9000,"Plano de saúde, Vale alimentação",,,,
020,M,Ensino superior completo,21-29,N,N,B-MG,CLT,Parcialmente presencial,TEC,501,Android Primário,Sênior,11,S,MG,Região metropolitana,6000-9000,"Plano de saúde, Plano odontológico, Vale alimentação, Vale refeição, Vale transporte, Seguro de vida, Auxílio para Estacionamentoudos, Auxílio para Auxílio para eventosntos, Home office parcial, Home office liberado",,,,
021,M,Ensino superior completo,30-39,N,N,B-RS,PJS,Totalmente presencial,TEC,11-50,Android Primário,Líder Técnico,3-5,S,RS,Região metropolitana,12000-15000,"Plano de saúde, Plano odontológico, 13º Salário",,,,
022,M,Pós-graduação,30-39,S,N,B-SP,SOC,Parcialmente presencial,OUT,51-100,Android Primário,Líder Técnico,3-5,S,SP,Região metropolitana,6000-9000,"Plano de saúde, Plano odontológico, Vale alimentação, Vale transporte, Auxílio creche, Home office parcial, Home office liberado",,,,
023,M,Pós-graduação,30-39,N,N,B-SP,CLT,Parcialmente presencial,TEC,501,Android Primário,Sênior,11,S,SP,Interior,6000-9000,"Plano de saúde, Plano odontológico, Vale alimentação, Vale transporte, Estacionamentoacionamento, Seguro de vida, Auxílio creche",,,,
024,M,Ensino superior completo,21-29,N,N,B-SP,CLT,Remoto devido ao COVID,TEC,501,Android Primário,Pleno,11,S,SP,Interior,6000-9000,"Plano de saúde, Plano odontológico, Vale alimentação",,,,
025,M,Ensino superior completo,21-29,N,N,B-RJ,CLT,Totalmente presencial,OUT,6-10,Android Primário,Pleno,1-2,S,RJ,Região metropolitana,3000-6000,"Plano de saúde, Plano odontológico, Vale alimentação, Vale refeição, Vale transporte, Estacionamentoacionamento, Seguro de vida, Auxílio creche, Auxílio para Estacionamentoudos, Home office parcial",,,,
026,M,Ensino superior completo,30-39,N,N,B-SP,PJS,Totalmente remoto,TEC,101-500,Android Primário,Sênior,3-5,S,SP,Região metropolitana,12000-15000,"Estacionamentoacionamento, Home office parcial, Home office liberado, Férias, 13º Salário",,,,
027,M,Ensino superior completo,21-29,N,N,B-BA,CLT,Totalmente remoto,TEC,11-50,Android Primário,Pleno,1-2,S,BA,Interior,1000-3000,"Plano de saúde, Plano odontológico, Vale alimentação, Vale refeição, Vale transporte, Estacionamentoacionamento, Seguro de vida, Auxílio creche, Home office parcial",,,,
028,M,Pós-graduação,30-39,S,N,B-SP,CLT,Totalmente remoto,OUT,101-500,Android Primário,Sênior,3-5,S,SP,Região metropolitana,6000-9000,"Plano de saúde, Plano odontológico, Vale alimentação, Vale refeição, Seguro de vida, Auxílio creche, Home office parcial, Home office liberado",,,,
029,M,Ensino superior completo,21-29,N,N,B-BA,CLT,Totalmente remoto,TEC,101-500,Android Primário,Pleno,3-5,S,MG,Região metropolitana,6000-9000,"Plano de saúde, Plano odontológico, Vale alimentação, Vale transporte, Estacionamento",,,,
030,M,Ensino superior completo,30-39,N,N,B-SP,CLT,Parcialmente presencial,FIN,501,Android Primário,Especialista,11,S,SP,Região metropolitana,15001,"Plano de saúde, Vale refeição, Vale transporte, Seguro de vida, Férias, 13º Salário",,,,
031,M,Ensino superior completo,30-39,S,N,B-SC,CLT,Totalmente presencial,TEC,51-100,Android Primário,Sênior,1-2,S,SC,Região metropolitana,6000-9000,"Plano de saúde, Plano odontológico, Vale alimentação, Vale refeição, Vale transporte, Seguro de vida, Home office parcial, 13º Salário",,,,
032,M,Pós-graduação,21-29,N,N,B-PE,CLT,Parcialmente presencial,TEC,51-100,Android Primário,Júnior,5-10,S,PE,Região metropolitana,1000-3000,"Plano de saúde, Plano odontológico, Vale refeição, Vale transporte, Home office parcial",,,,
033,M,Ensino superior completo,21-29,S,N,B-SP,CLT,Remoto devido ao COVID,VAR,6-10,Android Primário,Pleno,3-5,S,SP,Região metropolitana,6000-9000,"Plano de saúde, Plano odontológico, Vale alimentação, Vale refeição, Vale transporte, Seguro de vida, Home office liberado",,,,
034,M,Ensino superior incompleto,21-29,N,N,B-RS,PJS,Totalmente presencial,TEC,51-100,Android Primário,Pleno,5-10,S,RS,Região metropolitana,6000-9000,"Plano de saúde, Vale alimentação",,,,
035,M,Ensino superior completo,21-29,N,N,B-PR,SOC,,TEC,11-50,Não relacionado,,,,,,,,,,,
036,M,Ensino superior incompleto,30-39,N,N,B-SP,CLT,Parcialmente presencial,FIN,501,Android Secundário,Sênior,11,S,SP,Região metropolitana,12000-15000,Nenhum benefício,,,,
037,M,Ensino superior incompleto,21-29,S,N,B-RJ,EST,Remoto devido ao COVID,FIN,501,Android Primário,Estagiário/Trainee,11,S,RJ,Região metropolitana,1000-3000,"Plano de saúde, Plano odontológico, Vale alimentação, Vale refeição, Vale transporte, Seguro de vida, Auxílio creche",,,,
038,M,Pós-graduação,21-29,N,N,B-GO,FRE,,,,,,,,,,,,,,,
039,M,Pós-graduação,30-39,N,N,B-PR,CLT,Parcialmente presencial,TEC,51-100,Android Primário,Especialista,5-10,S,PR,Região metropolitana,15001,"Plano de saúde, Plano odontológico, Vale refeição, Vale transporte, Home office parcial",,,,
040,M,Pós-graduação,21-29,N,N,B-SP,CLT,Remoto devido ao COVID,TEC,501,Android Primário,Pleno,11,S,SP,Região metropolitana,6000-9000,"Plano de saúde, Plano odontológico, Vale alimentação, Seguro de vida, Home office liberado, Férias, 13º Salário",,,,
041,M,Ensino superior completo,30-39,N,N,B-SP,CLT,Totalmente remoto,FIN,501,Android Primário,Júnior,3-5,S,SP,Região metropolitana,3000-6000,"Plano de saúde, Plano odontológico, Vale alimentação, Vale refeição, Vale transporte, Estacionamentoacionamento, Seguro de vida, Auxílio creche, Auxílio para Estacionamentoudos, Home office parcial, Home office liberado",,,,
042,M,Ensino superior completo,21-29,N,N,B-SC,CLT,Parcialmente presencial,FIN,101-500,Android Primário,Júnior,5-10,S,SC,Região metropolitana,3000-6000,"Plano de saúde, Plano odontológico, Vale refeição, Vale transporte, Estacionamentoacionamento, Seguro de vida, Auxílio creche, Auxílio para Estacionamentoudos, Home office parcial, Outros",,,,
043,M,Ensino superior completo,30-39,N,N,B-SP,CLT,Parcialmente presencial,TEC,501,Android Primário,Sênior,5-10,S,SP,Região metropolitana,6000-9000,"Plano de saúde, Plano odontológico, Vale alimentação, Vale refeição, Vale transporte, Estacionamentoacionamento, Seguro de vida, Auxílio creche, Auxílio para estudos",,,,
044,M,Mestrado,30-39,N,N,B-SP,CLT,Totalmente remoto,TEC,501,Android Primário,Especialista,5-10,S,MG,Região metropolitana,6000-9000,"Plano de saúde, Vale refeição, Vale transporte",,,,
045,M,Ensino superior incompleto,21-29,S,S,E-EU,EST,Totalmente presencial,OUT,11-50,Android Primário,Estagiário/Trainee,3-5,N,,,,,EU,EUR,1000-3000,N
046,M,Ensino superior completo,30-39,N,N,B-SC,CLT,Parcialmente presencial,OUT,501,Android Secundário,Pleno,11,S,SC,Região metropolitana,6000-9000,"Plano de saúde, Plano odontológico, Vale refeição, Estacionamentoacionamento, Seguro de vida, Auxílio creche, Auxílio para Estacionamentoudos, Auxílio para Auxílio para eventosntos, Academia",,,,
047,M,Pós-graduação,21-29,N,N,B-SP,CLT,Parcialmente presencial,FIN,501,Android Primário,Pleno,11,S,SP,Região metropolitana,6000-9000,"Plano de saúde, Plano odontológico, Vale alimentação, Vale refeição, Vale transporte, Auxílio para Estacionamentoudos, Home office parcial",,,,
048,M,Ensino superior completo,21-29,N,N,E-EU,CLT,Parcialmente presencial,TEC,501,Android Primário,Sênior,5-10,N,,,,"Plano de saúde, Plano odontológico, Vale alimentação, Vale refeição, Vale transporte, Estacionamentoacionamento, Seguro de vida, Home office parcial, Férias, 13º Salário",EU,EUR,3000-6000,N/A
049,M,Ensino superior completo,21-29,N,N,B-SP,CLT,Totalmente presencial,TEC,11-50,Android Secundário,Sênior,1-2,S,SP,Interior,3000-6000,"Plano de saúde, Plano odontológico, Vale alimentação, Vale refeição, Vale transporte, Home office liberado",,,,
050,M,Ensino médio completo,21-29,N,N,B-SP,CLT,Totalmente remoto,OUT,11-50,Android Primário,Júnior,3-5,S,SP,Região metropolitana,3000-6000,"Plano de saúde, Vale alimentação, Vale refeição, Vale transporte, Home office liberado",,,,
051,M,Ensino superior incompleto,21-29,N,N,B-SP,CLT,Totalmente remoto,FIN,501,Android Primário,Sênior,11,S,SP,Região metropolitana,6000-9000,"Plano de saúde, Plano odontológico, Vale alimentação, Vale refeição, Vale transporte",,,,
052,M,Ensino superior completo,21-29,N,N,B-SC,CLT,Parcialmente presencial,FIN,101-500,Android Primário,Sênior,5-10,S,SC,Região metropolitana,6000-9000,"Plano de saúde, Vale alimentação, Vale refeição, Vale transporte",,,,
053,M,Ensino superior completo,21-29,N,N,B-RJ,CLT,Parcialmente presencial,TEC,101-500,Android Primário,Pleno,5-10,S,RJ,Região metropolitana,3000-6000,"Plano de saúde, Plano odontológico, Vale alimentação, Vale refeição, Vale transporte, Auxílio para Estacionamentoudos, Auxílio para eventos",,,,
054,M,Ensino superior incompleto,21-29,N,N,B-MG,CLT,Remoto devido ao COVID,TEC,501,Android Primário,Pleno,11,S,MG,Região metropolitana,3000-6000,Férias,,,,
055,M,Pós-graduação,21-29,S,N,B-BA,CLT,Totalmente presencial,OUT,101-500,Android Secundário,Sênior,1-2,S,BA,Interior,3000-6000,"Plano de saúde, Vale refeição, Vale transporte, Home office parcial",,,,
056,M,Ensino superior completo,30-39,N,N,B-SP,CLT,Totalmente presencial,TEC,101-500,Android Primário,Especialista,3-5,S,SP,Região metropolitana,12000-15000,"Plano de saúde, Plano odontológico, Vale alimentação, Vale refeição, Vale transporte, Seguro de vida, Auxílio creche, Auxílio para Auxílio para eventosntos, Home office parcial, 13º Salário",,,,
057,M,Ensino médio completo,21-29,N,N,B-RS,EST,,FIN,501,Não relacionado,,,,,,,,,,,
058,M,Ensino superior completo,21-29,N,N,B-SP,CLT,Totalmente presencial,TEC,101-500,Android Primário,Júnior,3-5,S,SP,Região metropolitana,3000-6000,"Plano de saúde, Plano odontológico, Vale alimentação, Vale refeição, Vale transporte, Estacionamentoacionamento, Seguro de vida, Auxílio creche, Auxílio para Auxílio para eventosntos, Home office parcial",,,,
059,M,Ensino superior completo,21-29,N,N,B-SP,PJS,Parcialmente presencial,TEC,501,Android Primário,Pleno,5-10,S,SP,Interior,6000-9000,"Plano de saúde, Plano odontológico, Vale alimentação, Vale refeição, Vale transporte, Seguro de vida, Auxílio creche, Auxílio para Auxílio para eventosntos, Home office parcial",,,,
060,M,Ensino superior completo,21-29,N,N,B-PR,CLT,Remoto devido ao COVID,FIN,501,Android Secundário,Sênior,11,S,PR,Região metropolitana,3000-6000,"Plano de saúde, Plano odontológico, Vale refeição, Vale transporte, Seguro de vida, Home office parcial",,,,
061,M,Ensino superior completo,21-29,N,S,B-SC,CLT,Totalmente remoto,TEC,101-500,Android Primário,Pleno,11,S,SC,Região metropolitana,6000-9000,Home office parcial,,,,
062,F,Ensino superior completo,21-29,S,N,B-SC,CLT,Parcialmente presencial,TEC,101-500,Android Primário,Júnior,5-10,S,SC,Região metropolitana,3000-6000,"Plano de saúde, Plano odontológico, Auxílio para Estacionamentoudos, Auxílio para Auxílio para eventosntos, Home office liberado, Férias, 13º Salário",,,,
063,M,Mestrado,30-39,N,N,B-CE,CLT,Totalmente remoto,TEC,101-500,Android Primário,Pleno,11,S,OU,Região metropolitana,3000-6000,"Plano de saúde, Plano odontológico, Auxílio para Estacionamentoudos, Auxílio para Auxílio para eventosntos, Home office liberado, Férias, 13º Salário",,,,
064,F,Ensino superior completo,30-39,N,N,B-BA,CLT,Totalmente remoto,TEC,101-500,Android Primário,Júnior,11,S,BA,Região metropolitana,1000-3000,"Vale refeição, Férias",,,,
065,M,Mestrado,21-29,N,N,E-EU,CLT,Parcialmente presencial,TEC,501,Android Primário,Líder Técnico,11,N,,,,,EU,EUR,3000-6000,S
066,M,Ensino superior incompleto,21-29,N,N,E-EU,CLT,,OUT,501,Não relacionado,,,,,,,,,,,
067,M,Ensino superior completo,21-29,N,N,B-PR,CLT,Totalmente presencial,TEC,101-500,Android Primário,Sênior,1-2,S,PR,Região metropolitana,6000-9000,"Plano de saúde, Plano odontológico, Vale alimentação, Vale transporte",,,,
068,M,Ensino superior completo,21-29,N,N,B-BA,CLT,Parcialmente presencial,TEC,51-100,Android Primário,Pleno,5-10,S,SP,Interior,6000-9000,"Plano de saúde, Plano odontológico, Vale alimentação, Vale refeição, Vale transporte, Seguro de vida, Auxílio creche, Auxílio para Estacionamentoudos, Academia",,,,
069,F,Ensino superior completo,21-29,N,N,B-SP,CLT,Totalmente remoto,TEC,501,Android Primário,Sênior,11,S,SP,Região metropolitana,6000-9000,"Plano de saúde, Plano odontológico, Vale alimentação, Vale transporte, Auxílio creche, Home office liberado",,,,
070,M,Ensino superior completo,21-29,N,N,B-MG,CLT,Totalmente presencial,TEC,501,Android Primário,Sênior,11,S,MG,Interior,6000-9000,"Plano de saúde, Plano odontológico, Vale alimentação, Home office parcial, Férias, 13º Salário",,,,
071,M,Ensino superior completo,21-29,N,N,B-SP,CLT,Totalmente presencial,LOG,501,Android Primário,Pleno,11,S,SP,Região metropolitana,6000-9000,"Vale refeição, Vale transporte, Home office parcial",,,,
072,M,Ensino superior incompleto,21-29,N,N,B-MG,CLT,Totalmente presencial,TEC,51-100,Android Primário,Líder Técnico,5-10,S,MG,Interior,3000-6000,"Plano de saúde, Plano odontológico, Vale alimentação, Vale transporte, Auxílio para Estacionamentoudos, Home office parcial",,,,
073,F,Ensino superior completo,30-39,N,N,B-SP,PJS,Totalmente remoto,TEC,11-50,Android Primário,Sênior,1-2,S,SP,Região metropolitana,6000-9000,"Plano de saúde, Plano odontológico, Vale alimentação, Vale refeição",,,,
074,M,Ensino superior completo,21-29,N,N,B-MG,CLT,Totalmente presencial,TEC,501,Android Primário,Líder Técnico,11,S,MG,Região metropolitana,6000-9000,"Plano de saúde, Plano odontológico, Vale alimentação, Vale refeição, Vale transporte, Seguro de vida, Auxílio creche, Auxílio para Estacionamentoudos, Auxílio para Auxílio para eventosntos, Home office parcial",,,,
075,M,Pós-graduação,30-39,N,N,B-SP,PJS,,OUT,6-10,Não relacionado,,,,,,,,,,,
076,M,Ensino superior completo,21-29,S,N,B-MG,CLT,Totalmente presencial,TEC,501,Android Primário,Júnior,11,S,MG,Região metropolitana,3000-6000,Nenhum benefício,,,,
077,M,Pós-graduação,30-39,N,S,E-EU,CLT,Remoto devido ao COVID,FIN,501,Android Primário,Pleno,11,N,,,,,EU,EUR,1000-3000,N
078,M,Ensino superior completo,30-39,N,N,E-EU,CLT,Totalmente presencial,VAR,101-500,Android Primário,Sênior,5-10,N,,,,,EU,EUR,3000-6000,S
079,M,Ensino superior completo,21-29,N,N,B-SP,CLT,Parcialmente presencial,TEC,101-500,Android Primário,Pleno,3-5,S,SP,Região metropolitana,6000-9000,"Plano de saúde, Plano odontológico, Vale alimentação, Vale refeição, Vale transporte",,,,
080,M,Ensino superior completo,21-29,N,N,B-PR,CLT,Totalmente presencial,FIN,501,Android Primário,Júnior,11,S,PR,Região metropolitana,3000-6000,"Plano de saúde, Plano odontológico, Vale alimentação, Vale refeição, Seguro de vida, Auxílio creche, Home office parcial, Participação nos lucros",,,,
081,M,Pós-graduação,21-29,N,N,B-MG,CLT,Totalmente remoto,TEC,101-500,Android Primário,Júnior,11,S,SP,Interior,3000-6000,"Plano de saúde, Plano odontológico, Vale alimentação, Vale refeição, Estacionamentoacionamento, Seguro de vida, Auxílio para Estacionamentoudos, Home office liberado, Férias, 13º Salário",,,,
082,M,Pós-graduação,30-39,N,N,B-MG,PJS,Parcialmente presencial,TEC,6-10,Android Secundário,Júnior,1-2,S,MG,Interior,3000-6000,"Plano de saúde, Plano odontológico, Vale alimentação, Vale refeição",,,,
083,M,Ensino superior completo,21-29,N,N,B-RS,CLT,,FIN,501,Android Primário,Sênior,11,S,RS,Região metropolitana,6000-9000,"Plano de saúde, Vale transporte",,,,
084,M,Ensino superior completo,30-39,N,N,B-SC,CLT,Parcialmente presencial,FIN,101-500,Android Primário,Sênior,5-10,S,SC,Região metropolitana,6000-9000,"Plano de saúde, Vale refeição, Vale transporte, Home office liberado, Férias",,,,
085,M,Ensino superior incompleto,21-29,N,N,B-SP,PJS,Totalmente presencial,EDU,11-50,Android Primário,Pleno,3-5,S,SP,Região metropolitana,3000-6000,"Plano de saúde, Plano odontológico, Vale alimentação, Vale refeição, Vale transporte, Seguro de vida, Auxílio para estudos",,,,
086,M,Ensino superior completo,21-29,N,N,B-SP,CLT,Parcialmente presencial,FIN,501,Android Primário,Pleno,11,S,SP,Região metropolitana,6000-9000,"Plano de saúde, Plano odontológico, Auxílio para Estacionamentoudos, Home office liberado",,,,
087,M,Ensino superior completo,30-39,N,N,B-BA,CLT,Totalmente remoto,TEC,501,Android Primário,Pleno,11,S,RS,Interior,3000-6000,"Plano de saúde, Vale alimentação, Vale refeição, Vale transporte, Home office parcial, Férias, 13º Salário",,,,
088,M,Ensino superior incompleto,21-29,S,N,B-OU,EST,,TEC,6-10,Não relacionado,,,,,,,,,,,
089,M,Ensino superior completo,21-29,S,N,B-BA,CLT,,TEC,6-10,Android Secundário,Sênior,1-2,S,BA,Interior,3000-6000,NEN,,,,
090,M,Ensino superior incompleto,30-39,S,N,B-PR,CLT,Totalmente presencial,TEC,11-50,Android Primário,Pleno,3-5,S,PR,Região metropolitana,6000-9000,"Plano de saúde, Plano odontológico, Vale alimentação, Seguro de vida, Home office liberado",,,,
091,M,Ensino superior completo,30-39,N,N,B-SP,CLT,Totalmente presencial,FIN,51-100,Android Primário,Sênior,3-5,S,SP,Região metropolitana,6000-9000,"Plano de saúde, Plano odontológico, Vale refeição, Seguro de vida",,,,
092,M,Ensino superior incompleto,30-39,N,N,B-OU,CLT,Parcialmente presencial,TEC,501,Android Secundário,Júnior,11,S,OU,Região metropolitana,3000-6000,"Plano de saúde, Plano odontológico, Vale alimentação, Vale refeição, Vale transporte, Seguro de vida, Auxílio creche, Auxílio para Estacionamentoudos, Auxílio para Auxílio para eventosntos, Home office liberado",,,,
093,M,Ensino superior completo,21-29,N,N,B-SP,CLT,Totalmente presencial,TEC,501,Android Primário,Pleno,11,S,SP,Interior,6000-9000,"Plano de saúde, Plano odontológico, Vale alimentação, Vale refeição, Seguro de vida, Auxílio creche, Auxílio para Estacionamentoudos, Auxílio para eventos",,,,
094,M,Pós-graduação,21-29,S,N,B-CE,CLT,Totalmente presencial,FIN,501,Android Primário,Líder Técnico,3-5,S,OU,Região metropolitana,3000-6000,"Plano de saúde, Plano odontológico, Vale refeição, Vale transporte",,,,
095,M,Ensino superior incompleto,21-29,S,N,B-MG,CLT,Totalmente presencial,TEC,501,Android Primário,Júnior,1-2,S,MG,Região metropolitana,3000-6000,"Plano de saúde, Plano odontológico, Vale alimentação, Vale refeição, Vale transporte, Auxílio creche, Home office parcial",,,,
096,M,Mestrado,21-29,N,N,B-RS,PJS,Totalmente remoto,OUT,501,Android Primário,Sênior,3-5,N,,,,,AN,BRL,12001,N/A
097,M,Ensino superior incompleto,21-29,N,N,E-EU,CLT,Totalmente presencial,OUT,501,Android Primário,Sênior,5-10,N,,,,,EU,EUR,3000-6000,S
098,M,Ensino superior completo,30-39,N,N,B-SP,NTR,,,,,,,,,,,,,,,
099,M,Ensino superior completo,21-29,N,N,B-SP,CLT,Totalmente presencial,FIN,501,Android Primário,Pleno,11,S,SP,Região metropolitana,6000-9000,Nenhum benefício,,,,
100,M,Ensino superior incompleto,21-29,N,N,B-SC,PJS,Totalmente remoto,TEC,11-50,Android Primário,Pleno,1-2,S,RJ,Região metropolitana,6000-9000,"Plano de saúde, Plano odontológico, Vale transporte, Seguro de vida",,,,
101,M,Ensino superior incompleto,21-29,N,N,B-BA,CLT,Totalmente remoto,TEC,101-500,Android Primário,Júnior,11,S,BA,Região metropolitana,1000-3000,"Vale refeição, Vale transporte, Estacionamentoacionamento, Auxílio para Estacionamentoudos, Home office parcial",,,,
102,M,Ensino superior completo,30-39,N,N,B-SP,CLT,Totalmente presencial,FIN,11-50,Android Primário,Sênior,1-2,S,SP,Região metropolitana,12000-15000,"Plano de saúde, Vale alimentação, Vale refeição, Vale transporte, Home office parcial, 13º Salário, Outros",,,,
103,M,Pós-graduação,30-39,N,N,B-RS,FRE,,,,,,,,,,,,,,,
104,M,Ensino superior completo,21-29,S,N,B-SP,CLT,Parcialmente presencial,FIN,501,Android Primário,Pleno,11,S,SP,Região metropolitana,6000-9000,"Plano de saúde, Vale alimentação, Vale refeição, Vale transporte, Estacionamento",,,,
105,M,Mestrado,30-39,N,N,B-MG,PJS,Totalmente remoto,TEC,101-500,Android Primário,Sênior,11,S,SP,Interior,6000-9000,"Plano de saúde, Plano odontológico, Vale alimentação, Vale refeição, Vale transporte, Auxílio creche, Auxílio para Estacionamentoudos, Auxílio para Auxílio para eventosntos, Home office parcial",,,,
106,M,Pós-graduação,30-39,N,N,B-PE,CLT,Totalmente remoto,TEC,501,Android Primário,Líder Técnico,11,S,PE,Região metropolitana,6000-9000,"Plano de saúde, Plano odontológico, Vale alimentação, Vale refeição, Vale transporte, Auxílio para estudos",,,,
107,M,Pós-graduação,21-29,S,N,B-RJ,PJS,Totalmente remoto,TEC,6-10,Android Secundário,Sênior,3-5,S,RJ,Região metropolitana,6000-9000,"Plano de saúde, Plano odontológico, Vale alimentação, Vale refeição, Seguro de vida, Auxílio creche, Auxílio para eventos",,,,
108,M,Pós-graduação,21-29,N,N,B-RS,CLT,Parcialmente presencial,FIN,101-500,Android Secundário,Sênior,11,S,RS,Região metropolitana,6000-9000,"Home office liberado, Férias",,,,
109,M,Mestrado,30-39,S,N,B-MG,PJS,,EDU,11-50,Não relacionado,,,,,,,,,,,
110,M,Ensino superior incompleto,18-20,N,N,B-MG,EST,Totalmente presencial,TEC,101-500,Android Primário,Estagiário/Trainee,11,S,MG,Região metropolitana,1000-3000,"Plano de saúde, Vale transporte",,,,
111,M,Ensino superior incompleto,21-29,N,N,B-SP,CLT,Totalmente remoto,TEC,501,Android Primário,Pleno,11,S,RJ,Região metropolitana,6000-9000,"Plano de saúde, Plano odontológico, Vale alimentação, Vale refeição, Vale transporte, Estacionamentoacionamento, Seguro de vida, Auxílio creche, Home office parcial",,,,
112,M,Pós-graduação,30-39,N,N,E-EU,CLT,Parcialmente presencial,FIN,101-500,Android Primário,Sênior,5-10,N,,,,,EU,OUT,6000-9000,N
113,M,Ensino superior completo,30-39,N,N,B-SP,CLT,Parcialmente presencial,TEC,101-500,Android Primário,Líder Técnico,11,S,SP,Interior,15001,"Plano de saúde, Plano odontológico, Vale refeição, Vale transporte, Estacionamentoacionamento, Seguro de vida",,,,
114,M,Ensino médio completo,18-20,N,N,B-GO,NTR,,,,,,,,,,,,,,,
115,F,Mestrado,21-29,N,S,B-PE,CLT,Totalmente presencial,OUT,51-100,Android Primário,Pleno,5-10,S,PE,Região metropolitana,3000-6000,"Plano de saúde, Plano odontológico, Vale alimentação, Vale transporte",,,,
116,M,Ensino superior completo,30-39,S,N,B-RJ,CLT,Parcialmente presencial,FIN,501,Android Primário,Sênior,11,S,RJ,Região metropolitana,6000-9000,"Plano de saúde, Plano odontológico, Vale alimentação, Vale transporte, Home office liberado",,,,
117,M,Ensino superior completo,30-39,N,N,B-SP,CLT,Totalmente presencial,COM,501,Android Primário,Pleno,3-5,S,SP,Interior,3000-6000,Home office liberado,,,,
118,F,Ensino superior incompleto,21-29,S,S,B-BA,CLT,Totalmente remoto,TEC,101-500,Android Primário,Júnior,11,S,BA,Região metropolitana,1000-3000,"Seguro de vida, Auxílio para Estacionamentoudos, Auxílio para Auxílio para eventosntos, Home office parcial, Home office liberado, Férias",,,,
119,M,Ensino superior completo,21-29,N,N,B-ES,CLT,Parcialmente presencial,FIN,501,Android Primário,Pleno,11,S,ES,Região metropolitana,6000-9000,"Plano de saúde, Plano odontológico, Vale alimentação, Vale refeição, Vale transporte, Seguro de vida",,,,
120,M,Ensino superior incompleto,21-29,N,N,B-PR,PJS,,TEC,11-50,Não relacionado,,,,,,,,,,,
121,M,Ensino superior completo,30-39,N,N,B-SC,PJS,Totalmente remoto,TEC,101-500,Android Primário,Especialista,3-5,S,SC,Região metropolitana,12000-15000,"Plano de saúde, Plano odontológico, Vale alimentação, Vale refeição, Vale transporte, Seguro de vida, Home office liberado, 13º Salário",,,,
122,M,Ensino superior completo,30-39,N,N,B-ES,PJS,Totalmente remoto,TEC,11-50,Android Primário,Pleno,1-2,S,ES,Região metropolitana,6000-9000,"Plano de saúde, Plano odontológico, Vale alimentação, Vale refeição, Vale transporte, Seguro de vida, Auxílio creche, Auxílio para Estacionamentoudos, Auxílio para Auxílio para eventosntos, Home office parcial, 13º Salário",,,,
123,M,Ensino médio completo,21-29,N,N,B-RS,CLT,Totalmente presencial,TEC,501,Android Primário,Júnior,11,S,RS,Região metropolitana,1000-3000,"Plano de saúde, Plano odontológico, Vale alimentação, Vale refeição, Vale transporte, Auxílio creche, Auxílio para Auxílio para eventosntos, Home office parcial",,,,
124,M,Ensino superior incompleto,21-29,N,N,B-MS,PJS,Totalmente remoto,FIN,11-50,Android Primário,Pleno,3-5,S,OU,Região metropolitana,3000-6000,"Plano de saúde, Plano odontológico, Vale alimentação, Vale refeição, Auxílio creche, Auxílio para Estacionamentoudos, Auxílio para Auxílio para eventosntos, Home office parcial",,,,
125,M,Pós-graduação,30-39,N,N,B-SP,PJS,Remoto devido ao COVID,FIN,51-100,Android Primário,Sênior,1-2,N,,,,,AN,OUT,6000-9000,S
126,M,Ensino superior completo,21-29,N,N,B-SP,CLT,Parcialmente presencial,FIN,501,Android Primário,Pleno,11,S,SP,Região metropolitana,6000-9000,"Plano de saúde, Vale refeição, Seguro de vida, Férias, 13º Salário",,,,
127,F,Ensino superior completo,21-29,S,N,B-CE,CLT,Totalmente remoto,FIN,11-50,Android Primário,Júnior,3-5,S,OU,Região metropolitana,1000-3000,"Plano de saúde, Plano odontológico, Vale alimentação, Vale refeição, Seguro de vida, Auxílio creche, Auxílio para Estacionamentoudos, Home office parcial",,,,
128,M,Pós-graduação,30-39,N,N,B-SP,CLT,Parcialmente presencial,TEC,501,Android Primário,Sênior,11,S,SP,Interior,6000-9000,"Plano de saúde, Vale refeição, Vale transporte",,,,
129,M,Ensino superior completo,30-39,N,N,B-RS,PJS,Totalmente presencial,OUT,51-100,Android Secundário,Líder Técnico,3-5,S,RS,Região metropolitana,15001,"Plano de saúde, Plano odontológico, Vale alimentação, Vale refeição, Estacionamentoacionamento, Seguro de vida, Auxílio para Estacionamentoudos, Home office liberado, Férias, ",,,,
130,M,Ensino superior completo,21-29,N,N,B-SP,CLT,Totalmente presencial,TEC,501,Android Primário,Líder Técnico,11,S,SP,Região metropolitana,6000-9000,"Plano de saúde, Plano odontológico, Vale alimentação, Vale refeição, Vale transporte, Seguro de vida, Auxílio creche, Auxílio para Estacionamentoudos, Auxílio para Auxílio para eventosntos, Home office liberado",,,,
131,M,Pós-graduação,21-29,N,N,B-SP,CLT,Parcialmente presencial,FIN,501,Android Primário,Sênior,11,S,SP,Região metropolitana,6000-9000,"Plano de saúde, Plano odontológico, Vale alimentação, Vale refeição, Vale transporte, Home office liberado",,,,
132,M,Ensino superior completo,21-29,N,N,B-MS,CLT,Totalmente presencial,TEC,101-500,Android Primário,Pleno,1-2,S,OU,Região metropolitana,1000-3000,"Plano de saúde, Plano odontológico, Vale alimentação, Vale refeição, Estacionamentoacionamento, Auxílio creche, Auxílio para Estacionamentoudos, Auxílio para Auxílio para eventosntos, Home office parcial",,,,
133,M,Ensino superior completo,21-29,N,N,B-CE,CLT,Totalmente remoto,TEC,101-500,Android Primário,Pleno,11,S,SC,Região metropolitana,3000-6000,"Plano de saúde, Plano odontológico, Vale alimentação, Vale refeição, Vale transporte, Seguro de vida, Auxílio creche",,,,
134,M,Ensino superior incompleto,21-29,N,N,B-RS,CLT,Parcialmente presencial,TEC,101-500,Android Primário,Pleno,11,N,,,,,AS,BRL,3000-6000,N/A
135,M,Ensino superior completo,21-29,N,N,B-SP,CLT,Parcialmente presencial,TEC,11-50,Android Primário,Pleno,1-2,S,SP,Região metropolitana,3000-6000,"Plano de saúde, Plano odontológico, Vale alimentação, Vale refeição, Vale transporte, Auxílio creche, Auxílio para Auxílio para eventosntos, Home office parcial",,,,
136,M,Ensino superior completo,30-39,N,N,B-SP,CLT,Totalmente presencial,TEC,501,Android Primário,Pleno,11,S,SP,Interior,6000-9000,Home office liberado,,,,
137,M,Ensino superior completo,21-29,N,S,B-SP,PJS,Parcialmente presencial,TEC,11-50,Android Primário,Pleno,5-10,S,SP,Região metropolitana,6000-9000,"Plano de saúde, Auxílio para Estacionamentoudos, Férias, 13º Salário",,,,
138,M,Ensino superior completo,21-29,N,N,B-SC,PJS,Parcialmente presencial,TEC,11-50,Android Primário,Líder Técnico,1-2,S,SC,Região metropolitana,6000-9000,"Auxílio para Auxílio para eventosntos, Home office parcial, Férias",,,,
139,M,Ensino superior completo,21-29,N,N,B-SP,PJS,Parcialmente presencial,FIN,501,Android Primário,Sênior,11,S,SP,Região metropolitana,15001,Home office liberado,,,,
140,M,Ensino superior incompleto,21-29,S,N,B-SP,CLT,Totalmente presencial,TEC,501,Android Primário,Sênior,3-5,S,SP,Região metropolitana,6000-9000,"Plano de saúde, Plano odontológico, Vale alimentação, Vale refeição, Vale transporte, Seguro de vida, Auxílio creche, Home office liberado, Férias, 13º Salário",,,,
141,M,Ensino superior completo,21-29,N,N,B-RS,CLT,Totalmente remoto,TEC,101-500,Android Primário,Júnior,5-10,S,RS,Região metropolitana,1000-3000,"Plano de saúde, Plano odontológico, Home office liberado",,,,
142,M,Ensino superior completo,21-29,N,N,B-MG,CLT,Parcialmente presencial,EDU,501,Android Primário,Pleno,11,S,MG,Região metropolitana,3000-6000,"Home office liberado, Férias",,,,
143,M,Pós-graduação,21-29,N,N,B-SP,PJS,Parcialmente presencial,LOG,501,Android Primário,Sênior,11,S,SP,Região metropolitana,12000-15000,"Plano de saúde, Plano odontológico, Vale alimentação, Vale transporte, Seguro de vida, Auxílio creche, Home office parcial",,,,
144,M,Ensino superior completo,21-29,N,N,E-EU,CLT,Parcialmente presencial,ENT,501,Android Primário,Sênior,11,N,,,,,EU,OUT,12001,S
145,M,Ensino superior incompleto,21-29,N,N,B-ES,PJS,Totalmente presencial,FIN,101-500,Android Primário,Sênior,5-10,S,ES,Região metropolitana,6000-9000,Férias,,,,
146,M,Pós-graduação,21-29,N,N,B-SC,CLT,Totalmente presencial,TEC,501,Android Primário,Pleno,11,S,SC,Região metropolitana,6000-9000,"Férias, 13º Salário",,,,
147,M,Ensino superior incompleto,21-29,N,N,B-MG,CLT,Remoto devido ao COVID,TEC,6-10,Android Secundário,Líder Técnico,1-2,S,MG,Região metropolitana,3000-6000,"Plano de saúde, Vale alimentação, Vale transporte, Home office parcial",,,,
148,F,Ensino superior incompleto,21-29,S,S,B-BA,CLT,Totalmente remoto,FIN,101-500,Android Primário,Júnior,5-10,S,RS,Região metropolitana,3000-6000,"Plano de saúde, Plano odontológico, Vale alimentação",,,,
149,M,Ensino superior completo,30-39,S,N,B-SP,CLT,Parcialmente presencial,OUT,101-500,Android Primário,Pleno,11,S,SP,Região metropolitana,3000-6000,"Plano de saúde, Plano odontológico, Vale alimentação, Vale refeição, Vale transporte, Home office parcial",,,,
150,M,Ensino médio completo,21-29,N,N,B-SP,CLT,Parcialmente presencial,TEC,501,Android Primário,Pleno,11,S,SP,Região metropolitana,6000-9000,"Plano de saúde, Plano odontológico, Vale alimentação, Vale refeição, Vale transporte, Seguro de vida, Home office parcial",,,,
151,M,Pós-graduação,40-49,N,N,B-SP,CLT,Parcialmente presencial,TEC,101-500,Android Secundário,Sênior,11,S,SP,Região metropolitana,6000-9000,"Plano de saúde, Plano odontológico, Vale alimentação, Vale refeição, Vale transporte, Seguro de vida, Auxílio creche, Auxílio para estudos",,,,
152,M,Ensino superior completo,21-29,N,N,B-RJ,CLT,Totalmente remoto,FIN,501,Android Primário,Sênior,11,S,SP,Região metropolitana,6000-9000,"Plano de saúde, Vale refeição, Vale transporte, Home office parcial, 13º Salário",,,,
153,M,Ensino superior completo,30-39,N,N,B-RS,CLT,Parcialmente presencial,ENT,501,Android Primário,Pleno,11,S,RS,Região metropolitana,6000-9000,Home office parcial,,,,
154,M,Ensino superior incompleto,21-29,N,N,B-RJ,CLT,Totalmente presencial,ENT,501,Android Primário,Sênior,11,S,RJ,Região metropolitana,6000-9000,"Plano de saúde, Plano odontológico, Vale alimentação, Vale refeição, Auxílio para Auxílio para eventosntos, Home office parcial",,,,
155,M,Ensino superior completo,30-39,N,N,B-SP,CLT,Parcialmente presencial,TEC,501,Android Primário,Pleno,11,S,SP,Interior,6000-9000,"Plano de saúde, Plano odontológico, Vale alimentação, Seguro de vida, Auxílio creche",,,,
156,M,Ensino superior completo,21-29,N,N,B-SP,CLT,Parcialmente presencial,FIN,501,Android Primário,Pleno,11,S,SP,Região metropolitana,6000-9000,"Plano de saúde, Plano odontológico, Vale refeição, Vale transporte, Auxílio creche, Auxílio para Estacionamentoudos, Home office parcial",,,,
157,M,Ensino superior completo,21-29,N,N,B-SP,CLT,Parcialmente presencial,TEC,51-100,Android Primário,Pleno,1-2,S,SP,Região metropolitana,3000-6000,"Plano de saúde, Plano odontológico, Vale refeição, Seguro de vida, Auxílio creche, Auxílio para Estacionamentoudos, Auxílio para Auxílio para eventosntos, Home office parcial",,,,
158,M,Ensino superior completo,21-29,N,N,B-SC,CLT,Parcialmente presencial,TEC,101-500,Android Primário,Pleno,11,S,SC,Região metropolitana,6000-9000,"Plano de saúde, Home office liberado, Férias, Participação nos lucros",,,,
159,M,Ensino superior incompleto,21-29,N,S,B-SP,CLT,Totalmente presencial,TEC,501,Android Primário,Sênior,11,S,SP,Região metropolitana,6000-9000,"Plano de saúde, Plano odontológico, Vale alimentação, Vale refeição, Vale transporte, Estacionamentoacionamento, Seguro de vida, Home office parcial, Férias, 13º Salário",,,,
160,M,Ensino superior incompleto,21-29,N,N,B-CE,PJS,Totalmente remoto,FIN,501,Android Primário,Pleno,5-10,S,MG,Região metropolitana,6000-9000,"Plano de saúde, Plano odontológico, Vale alimentação, Vale refeição, Vale transporte, Seguro de vida, Auxílio para Estacionamentoudos, Auxílio para Auxílio para eventosntos, Home office liberado, 13º Salário",,,,
161,M,Ensino superior completo,21-29,N,S,B-MG,CLT,Totalmente remoto,TEC,501,Android Primário,Júnior,11,S,MG,Região metropolitana,3000-6000,"Plano de saúde, Vale alimentação, Vale transporte",,,,
162,M,Ensino superior incompleto,18-20,N,N,B-RJ,CLT,Totalmente remoto,TEC,101-500,Android Primário,Pleno,11,S,SP,Interior,3000-6000,"Plano de saúde, Plano odontológico, Vale alimentação, Vale refeição, Seguro de vida",,,,
163,M,Mestrado,21-29,N,N,B-RJ,CLT,Parcialmente presencial,OUT,51-100,Android Primário,Líder Técnico,3-5,S,RJ,Região metropolitana,6000-9000,"Plano de saúde, Plano odontológico, Vale alimentação, Vale refeição, Seguro de vida, Auxílio creche, Auxílio para Estacionamentoudos, Auxílio para Auxílio para eventosntos, Home office parcial",,,,
164,M,Ensino superior completo,21-29,N,N,B-SC,PJS,Parcialmente presencial,TEC,11-50,Android Primário,Líder Técnico,3-5,N,,,,,AN,USD,3000-6000,N/A
165,M,Pós-graduação,40-49,N,N,B-MG,CLT,Totalmente remoto,FIN,101-500,Android Primário,Especialista,11,S,MG,Região metropolitana,6000-9000,Nenhum benefício,,,,
166,M,Pós-graduação,30-39,N,N,B-SC,CLT,Totalmente presencial,TEC,501,Android Secundário,Líder Técnico,11,S,SC,Interior,6000-9000,"Plano de saúde, Plano odontológico, Vale alimentação, Vale refeição, Vale transporte, Seguro de vida, Auxílio creche, Auxílio para Estacionamentoudos, Home office parcial",,,,
167,M,Ensino superior completo,21-29,N,N,B-SP,PJS,Remoto devido ao COVID,OUT,0,Android Primário,Pleno,1-2,S,SP,Região metropolitana,6000-9000,"Plano de saúde, Plano odontológico, Vale alimentação, Vale transporte, Home office liberado",,,,
168,M,Ensino superior completo,30-39,N,N,B-MG,CLT,Parcialmente presencial,TEC,501,Android Secundário,Pleno,11,S,MG,Região metropolitana,6000-9000,"Vale transporte, Férias",,,,
169,M,Ensino superior completo,21-29,S,S,B-MG,CLT,Parcialmente presencial,TEC,101-500,Android Primário,Sênior,5-10,S,MG,Região metropolitana,6000-9000,"Plano de saúde, Plano odontológico, Vale alimentação, Vale refeição, Seguro de vida, Auxílio creche",,,,
170,M,Ensino superior completo,21-29,N,N,B-MS,CLT,Totalmente remoto,ALI,501,Android Primário,Júnior,11,S,SP,Região metropolitana,3000-6000,"Plano de saúde, Plano odontológico, Vale refeição, Vale transporte, Seguro de vida",,,,
171,M,Pós-graduação,30-39,N,N,B-RS,CLT,Totalmente presencial,FIN,101-500,Android Primário,Sênior,5-10,S,RS,Região metropolitana,15001,"Plano de saúde, Plano odontológico, Vale alimentação, Vale refeição, Vale transporte, Auxílio para estudos",,,,
172,M,Ensino superior completo,30-39,N,N,B-MG,CLT,Totalmente remoto,OUT,51-100,Android Primário,Sênior,3-5,S,MG,Região metropolitana,6000-9000,"Plano de saúde, Home office parcial, Participação nos lucros",,,,
173,M,Ensino superior incompleto,21-29,N,N,B-MG,CLT,Totalmente presencial,LOG,0,Android Primário,Pleno,3-5,S,MG,Região metropolitana,3000-6000,"Plano de saúde, Plano odontológico, Vale alimentação, Vale refeição, Seguro de vida, Auxílio creche, Auxílio para Estacionamentoudos, Auxílio para Auxílio para eventosntos, Home office liberado, Outros",,,,
174,M,Ensino superior completo,30-39,S,N,B-SP,CLT,Totalmente remoto,TEC,101-500,Android Secundário,Líder Técnico,3-5,S,PR,Região metropolitana,15001,"Plano de saúde, Plano odontológico, Vale alimentação, Vale refeição, Estacionamentoacionamento, Seguro de vida, Auxílio para Estacionamentoudos, Auxílio para Auxílio para eventosntos, Home office parcial, Férias, 13º Salário, Academiademia, Vale transporte, Outros",,,,
175,M,Ensino superior completo,21-29,N,N,B-OU,CLT,Totalmente remoto,FIN,51-100,Android Primário,Pleno,5-10,S,SP,Região metropolitana,3000-6000,"Plano de saúde, Plano odontológico, Vale alimentação, Vale refeição, Vale transporte, Auxílio para Auxílio para eventosntos, Home office liberado",,,,
176,M,Ensino superior incompleto,21-29,S,N,B-CE,EST,Totalmente remoto,TEC,51-100,Android Primário,Estagiário/Trainee,1-2,S,SP,Região metropolitana,1000-3000,"Plano de saúde, Plano odontológico, Vale alimentação, Vale refeição, Auxílio creche, Home office liberado",,,,
177,M,Ensino superior incompleto,21-29,S,N,B-BA,CLT,,TEC,11-50,Não relacionado,,,,,,,,,,,
178,M,Pós-graduação,30-39,N,N,B-SP,CLT,Totalmente remoto,TEC,101-500,Android Primário,Sênior,11,S,SP,Região metropolitana,6000-9000,"Plano de saúde, Plano odontológico, Vale refeição, Vale transporte, Auxílio creche",,,,
179,M,Pós-graduação,21-29,N,N,B-SP,CLT,Parcialmente presencial,TEC,51-100,Android Primário,Sênior,3-5,S,SP,Região metropolitana,6000-9000,"Plano de saúde, Plano odontológico, Vale alimentação, Vale refeição, Vale transporte, Seguro de vida, Auxílio para Auxílio para eventosntos, Home office parcial, Home office liberado",,,,
180,M,Pós-graduação,21-29,N,N,B-OU,CLT,Remoto devido ao COVID,FIN,501,Android Secundário,Sênior,3-5,S,OU,Região metropolitana,6000-9000,"Plano de saúde, Plano odontológico, Vale refeição, Férias, 13º Salário",,,,
181,M,Pós-graduação,30-39,N,N,B-SP,CLT,Parcialmente presencial,FIN,501,Android Primário,Sênior,11,S,SP,Região metropolitana,6000-9000,"Plano de saúde, Plano odontológico, Vale alimentação, Vale refeição, Vale transporte, Seguro de vida, Auxílio creche, Auxílio para Estacionamentoudos, Auxílio para Auxílio para eventosntos, Home office parcial",,,,
182,M,Pós-graduação,21-29,N,N,B-SP,CLT,Totalmente remoto,OUT,501,Android Primário,Sênior,11,S,SP,Interior,6000-9000,"Plano de saúde, Plano odontológico, Vale alimentação, Vale refeição, Home office liberado, Outros",,,,
183,M,Ensino superior completo,30-39,N,N,B-MG,CLT,Totalmente remoto,TEC,501,Android Primário,Pleno,11,S,MG,Região metropolitana,3000-6000,"Plano de saúde, Plano odontológico, Vale refeição, Seguro de vida, Auxílio creche, Auxílio para Estacionamentoudos, Auxílio para Auxílio para eventosntos, Home office liberado, Férias, 13º Salário",,,,
184,M,Ensino superior completo,30-39,N,N,B-SP,CLT,Remoto devido ao COVID,FIN,501,Android Primário,Pleno,11,S,SP,Região metropolitana,6000-9000,"Plano de saúde, Plano odontológico, Vale alimentação, Vale refeição, Vale transporte, Auxílio para Auxílio para eventosntos, Home office parcial, Home office liberado, ",,,,
185,M,Pós-graduação,30-39,N,N,B-SC,CLT,Totalmente presencial,TEC,51-100,Android Primário,Pleno,1-2,S,SC,Região metropolitana,3000-6000,"Plano de saúde, Plano odontológico, Vale alimentação, Vale refeição, Vale transporte, Seguro de vida, Auxílio para Estacionamentoudos, Home office parcial",,,,
186,M,Ensino superior completo,30-39,N,N,B-SC,CLT,Parcialmente presencial,TEC,101-500,Android Primário,Sênior,5-10,S,SC,Região metropolitana,6000-9000,"Plano de saúde, Plano odontológico, Vale alimentação, Seguro de vida, Auxílio para estudos",,,,
187,M,Ensino superior completo,30-39,N,N,B-PR,CLT,Totalmente presencial,OUT,6-10,Android Primário,Pleno,1-2,S,PR,Interior,1000-3000,"Plano de saúde, Plano odontológico, Vale alimentação, Vale refeição, Vale transporte, Seguro de vida, Auxílio creche",,,,
188,M,Pós-graduação,30-39,N,N,B-MG,CLT,Parcialmente presencial,TEC,101-500,Android Primário,Sênior,11,S,MG,Região metropolitana,6000-9000,"Plano de saúde, Plano odontológico, Vale alimentação, Vale refeição, Vale transporte, Seguro de vida, 13º Salário",,,,
189,M,Ensino superior completo,30-39,N,N,B-PR,PJS,Totalmente remoto,TEC,1-5,Android Secundário,Sênior,1-2,S,PR,Região metropolitana,6000-9000,"Plano de saúde, Plano odontológico, Vale alimentação, Vale refeição, Vale transporte, Seguro de vida, Home office liberado",,,,
190,M,Ensino superior completo,21-29,N,N,B-SP,CLT,Parcialmente presencial,FIN,501,Android Primário,Pleno,11,S,SP,Região metropolitana,6000-9000,"Plano de saúde, Plano odontológico, Vale refeição, Vale transporte, Home office parcial",,,,
191,M,Ensino superior completo,21-29,N,N,B-SC,PJS,Parcialmente presencial,VAR,101-500,Android Primário,Líder Técnico,3-5,S,SC,Região metropolitana,12000-15000,"Plano de saúde, Plano odontológico, Vale alimentação, Vale refeição, Home office parcial",,,,
192,F,Ensino superior completo,21-29,N,N,B-SP,CLT,Remoto devido ao COVID,TEC,501,Android Primário,Sênior,11,S,SP,Região metropolitana,12000-15000,"Plano de saúde, Plano odontológico, Vale alimentação, Vale refeição, Auxílio creche",,,,
193,M,Ensino superior incompleto,21-29,N,S,B-MS,NTR,,,,,,,,,,,,,,,
194,M,Ensino superior completo,30-39,N,N,E-EU,CLT,Totalmente presencial,ALI,501,Android Primário,Sênior,1-2,N,,,,,EU,EUR,3000-6000,S
195,F,Pós-graduação,30-39,S,N,B-BA,CLT,Totalmente presencial,TEC,501,Android Primário,Sênior,3-5,S,BA,Região metropolitana,6000-9000,"Plano de saúde, Plano odontológico, Vale alimentação, Vale refeição, Vale transporte",,,,
196,M,Mestrado,21-29,N,N,E-EU,CLT,Parcialmente presencial,OUT,11-50,Android Primário,Líder Técnico,11,N,,,,,EU,EUR,1000-3000,S
197,M,Pós-graduação,40-49,N,N,B-SP,CLT,Totalmente presencial,MOB,101-500,Android Secundário,Líder Técnico,1-2,S,SP,Região metropolitana,6000-9000,"Plano de saúde, Plano odontológico, Vale alimentação, Vale refeição, Vale transporte, Seguro de vida",,,,
198,M,Ensino superior completo,21-29,N,N,B-SP,CLT,Parcialmente presencial,FIN,501,Android Primário,Sênior,11,S,SP,Região metropolitana,12000-15000,Nenhum benefício,,,,
199,M,Pós-graduação,21-29,S,N,B-PR,PJS,Parcialmente presencial,TEC,11-50,Android Primário,Júnior,1-2,S,PR,Região metropolitana,3000-6000,"Plano de saúde, Plano odontológico, Vale alimentação, Vale refeição, Vale transporte, Seguro de vida, Auxílio creche, Auxílio para Estacionamentoudos, Home office liberado",,,,
200,M,Mestrado,30-39,N,N,B-SP,PJS,Totalmente presencial,TEC,6-10,Android Primário,Sênior,1-2,S,SP,Região metropolitana,6000-9000,"Plano de saúde, Plano odontológico, Vale alimentação, Vale refeição, Vale transporte, Auxílio creche, Home office liberado",,,,
201,M,Mestrado,30-39,N,N,B-SP,PJS,Totalmente remoto,FIN,101-500,Android Primário,Sênior,5-10,S,RJ,Região metropolitana,6000-9000,"Plano de saúde, Plano odontológico, Vale alimentação, Vale refeição, Vale transporte, Seguro de vida, Auxílio creche, Auxílio para estudos",,,,
202,M,Ensino superior completo,30-39,N,N,B-SP,CLT,Totalmente presencial,OUT,501,Android Primário,Sênior,11,S,SP,Região metropolitana,6000-9000,"Plano de saúde, Plano odontológico, Vale alimentação, Seguro de vida, Auxílio creche, Auxílio para Estacionamentoudos, Auxílio para Auxílio para eventosntos, Home office liberado",,,,
203,M,Ensino superior completo,21-29,N,N,B-BA,CLT,Totalmente presencial,TEC,101-500,Android Secundário,Pleno,11,S,BA,Região metropolitana,3000-6000,"Plano de saúde, Plano odontológico, Vale alimentação, Vale transporte, Estacionamentoacionamento, Home office parcial",,,,
204,M,Ensino superior completo,21-29,N,N,B-SP,CLT,Parcialmente presencial,FIN,501,Android Primário,Pleno,11,S,SP,Região metropolitana,6000-9000,"Plano de saúde, Plano odontológico, Vale alimentação, Vale refeição, Home office liberado, Férias, 13º Salário",,,,
205,M,Ensino superior completo,21-29,N,N,B-SP,CLT,Totalmente presencial,ALI,501,Android Primário,Sênior,11,S,SP,Interior,6000-9000,"Plano de saúde, Vale alimentação, Vale transporte, Home office parcial",,,,
206,M,Ensino superior completo,30-39,N,N,B-RS,PJS,Totalmente remoto,TEC,51-100,Android Primário,Pleno,5-10,S,RS,Região metropolitana,6000-9000,"Plano de saúde, Seguro de vida, Outros",,,,
207,M,Pós-graduação,21-29,N,N,B-MG,CLT,Totalmente remoto,TEC,501,Android Primário,Líder Técnico,11,S,MG,Região metropolitana,6000-9000,"Plano de saúde, Plano odontológico, Vale refeição, Vale transporte, Seguro de vida, Auxílio creche, Home office liberado, Outros",,,,
208,M,Ensino superior completo,21-29,N,N,B-SP,CLT,Totalmente presencial,FIN,501,Android Primário,Sênior,3-5,S,SP,Região metropolitana,12000-15000,"Plano de saúde, Plano odontológico, Vale alimentação, Vale refeição, Vale transporte, Estacionamentoacionamento, Seguro de vida, Auxílio creche, Auxílio para Estacionamentoudos, Home office liberado",,,,
209,M,Mestrado,30-39,N,N,B-PE,PJS,Totalmente remoto,TEC,51-100,Android Primário,Sênior,11,N,,,,,AN,USD,6000-9000,N/A
210,M,Ensino superior completo,21-29,S,N,B-SP,CLT,Totalmente presencial,MOB,101-500,Android Primário,Pleno,5-10,S,SP,Região metropolitana,6000-9000,"Plano de saúde, Plano odontológico, Vale alimentação, Vale refeição, Vale transporte, Estacionamentoacionamento, Seguro de vida, Auxílio creche, Auxílio para Estacionamentoudos, Home office parcial",,,,
211,M,Ensino superior completo,21-29,S,N,B-MG,CLT,Totalmente remoto,LOG,501,Android Primário,Pleno,11,S,SP,Região metropolitana,6000-9000,"Plano de saúde, Plano odontológico, Vale alimentação, Vale refeição, Vale transporte, Estacionamentoacionamento, Seguro de vida, Auxílio creche, Home office liberado",,,,
212,M,Ensino superior completo,30-39,N,N,E-EU,PJS,Parcialmente presencial,MOB,101-500,Android Primário,Sênior,3-5,N,,,,,EU,EUR,6000-9000,S
213,M,Ensino superior completo,21-29,S,N,B-RS,PJS,Totalmente presencial,OUT,11-50,Android Primário,Sênior,3-5,S,RS,Região metropolitana,6000-9000,"Plano de saúde, Plano odontológico, Vale alimentação, Vale refeição, Vale transporte, Seguro de vida, Home office parcial, Outros",,,,
214,M,Pós-doutorado,40-49,N,S,B-MG,FRE,,,,,,,,,,,,,,,
215,M,Ensino superior incompleto,21-29,N,S,B-SP,CLT,Totalmente remoto,OUT,101-500,Android Primário,Júnior,11,S,SP,Região metropolitana,3000-6000,"Plano de saúde, Plano odontológico, Vale alimentação, Vale refeição, Estacionamentoacionamento, Seguro de vida, Auxílio para Estacionamentoudos, Auxílio para Auxílio para eventosntos, Home office parcial, Férias, 13º Salário, Academiademia, Outros",,,,
216,M,Ensino superior incompleto,21-29,N,N,B-RS,CLT,Totalmente presencial,OUT,11-50,Android Primário,Pleno,1-2,S,RS,Interior,1000-3000,"Plano de saúde, Vale refeição, Vale transporte",,,,
217,M,Pós-graduação,21-29,N,N,E-EU,CLT,Totalmente remoto,FIN,501,Android Primário,Pleno,11,S,SP,Interior,3000-6000,"Plano de saúde, Plano odontológico, Vale refeição, Vale transporte, Seguro de vida",,,,
218,M,Ensino superior completo,30-39,N,N,B-SP,PJS,Totalmente remoto,TEC,501,Android Primário,Líder Técnico,11,N,,,,,AS,USD,12001,N/A
219,M,Ensino superior incompleto,30-39,N,N,E-EU,CLT,,TEC,501,Android Primário,Líder Técnico,11,N,,,,,EU,EUR,3000-6000,S
220,M,Pós-graduação,30-39,N,N,B-SP,CLT,Parcialmente presencial,TEC,501,Android Primário,Sênior,3-5,S,SP,Região metropolitana,12000-15000,"Plano de saúde, Plano odontológico, Vale alimentação, Vale refeição, Vale transporte, Estacionamentoacionamento, Auxílio creche, Home office parcial",,,,
221,M,Ensino superior completo,21-29,N,N,B-SC,SOC,Totalmente remoto,TEC,1-5,Android Primário,Pleno,1-2,S,SC,Região metropolitana,3000-6000,"Plano de saúde, Plano odontológico, Vale refeição, Auxílio para Estacionamentoudos, Home office parcial, Outros",,,,
222,F,Ensino superior incompleto,21-29,N,S,B-MG,CLT,Remoto devido ao COVID,TEC,501,Android Primário,Júnior,11,S,MG,Interior,3000-6000,"Plano de saúde, Plano odontológico, Vale alimentação, Vale refeição, Vale transporte, Seguro de vida, Auxílio creche, Home office parcial",,,,
223,M,Ensino superior completo,21-29,S,N,B-MG,CLT,Parcialmente presencial,TEC,501,Android Primário,Pleno,11,S,MG,Região metropolitana,3000-6000,"Plano de saúde, Plano odontológico, Vale alimentação, Vale refeição, Auxílio creche",,,,
224,M,Ensino superior completo,30-39,N,N,B-RJ,CLT,Parcialmente presencial,EDU,501,Android Primário,Pleno,3-5,S,SP,Região metropolitana,6000-9000,"Plano de saúde, Plano odontológico, Vale alimentação, Vale refeição, Vale transporte, Seguro de vida, Auxílio creche, Auxílio para Estacionamentoudos, Home office parcial, 13º Salário",,,,
225,M,Ensino superior incompleto,30-39,N,N,B-MG,CLT,Totalmente presencial,TEC,101-500,Android Primário,Pleno,11,S,MG,Região metropolitana,6000-9000,"Plano de saúde, Vale alimentação, Vale refeição, Vale transporte, Home office parcial",,,,
226,M,Ensino superior incompleto,21-29,N,N,B-MG,NTR,,,,,,,,,,,,,,,
227,M,Ensino superior completo,21-29,S,N,B-PE,CLT,Parcialmente presencial,TEC,501,Android Primário,Líder Técnico,11,S,PE,Região metropolitana,6000-9000,"Plano de saúde, Home office liberado",,,,
228,M,Ensino superior completo,21-29,N,N,B-SP,CLT,Parcialmente presencial,ALI,51-100,Android Primário,Pleno,1-2,S,SP,Interior,3000-6000,"Plano de saúde, Plano odontológico, Vale refeição, Auxílio para Estacionamentoudos, Auxílio para Auxílio para eventosntos, Home office parcial, Academia",,,,
229,M,Ensino superior completo,21-29,S,N,B-SC,CLT,Parcialmente presencial,TEC,101-500,Android Primário,Sênior,5-10,S,SC,Região metropolitana,6000-9000,"Plano de saúde, Plano odontológico, Vale alimentação, Vale refeição, Vale transporte, Seguro de vida, Auxílio para Estacionamentoudos, Home office parcial, Outros, Participação nos lucros",,,,
230,M,Ensino superior completo,21-29,N,N,B-SC,PJS,Parcialmente presencial,TEC,11-50,Android Primário,Líder Técnico,3-5,N,,,,,AN,USD,3000-6000,N/A
231,M,Ensino superior completo,21-29,N,N,B-SP,CLT,Parcialmente presencial,FIN,11-50,Android Primário,Pleno,11,S,SP,Região metropolitana,6000-9000,"Plano de saúde, Home office parcial",,,,
232,M,Mestrado,40-49,S,N,B-MG,CLT,Totalmente presencial,FIN,501,Android Primário,Especialista,11,S,MG,Região metropolitana,12000-15000,"Plano de saúde, Vale alimentação, Vale refeição, Vale transporte, Home office parcial, Home office liberado",,,,
233,M,Ensino superior completo,21-29,N,N,B-OU,CLT,Totalmente presencial,TEC,6-10,Android Primário,Pleno,3-5,S,OU,Região metropolitana,3000-6000,"Plano de saúde, Plano odontológico, Vale alimentação, Seguro de vida, Home office parcial, Férias, 13º Salário",,,,
234,F,Ensino superior completo,21-29,N,N,B-MG,CLT,Parcialmente presencial,TEC,501,Android Primário,Pleno,11,S,MG,Região metropolitana,6000-9000,"Plano de saúde, Plano odontológico, Vale refeição, Vale transporte, Auxílio para Estacionamentoudos, Auxílio para Auxílio para eventosntos, Home office parcial, Academia",,,,
235,M,Ensino superior incompleto,21-29,N,N,B-RJ,CLT,Parcialmente presencial,OUT,51-100,Android Primário,Pleno,3-5,S,RJ,Região metropolitana,6000-9000,"Plano de saúde, Plano odontológico, Vale alimentação, Vale refeição, Vale transporte, Seguro de vida",,,,
236,M,Ensino superior incompleto,21-29,N,N,B-SP,CLT,Remoto devido ao COVID,TEC,101-500,Android Primário,Sênior,11,S,SP,Região metropolitana,6000-9000,"Plano de saúde, Plano odontológico, Vale alimentação, Vale refeição, Vale transporte, Home office liberado, 13º Salário, Outros",,,,
237,M,Ensino superior completo,30-39,N,N,B-SP,CLT,Totalmente presencial,OUT,101-500,Android Primário,Pleno,11,S,SP,Interior,3000-6000,"Férias, 13º Salário",,,,
238,M,Ensino superior completo,21-29,N,N,E-EU,PJS,Parcialmente presencial,FIN,11-50,Android Primário,Pleno,1-2,N,,,,,EU,EUR,1000-3000,S
239,M,Ensino superior completo,30-39,N,N,E-EU,CLT,Totalmente presencial,FIN,101-500,Android Primário,Sênior,11,S,SP,Região metropolitana,15001,"Plano de saúde, Vale alimentação, Vale transporte",,,,
240,M,Ensino superior completo,21-29,N,N,B-PE,CLT,Totalmente remoto,TEC,101-500,Android Primário,Pleno,11,S,PE,Região metropolitana,3000-6000,"Plano de saúde, Plano odontológico, Vale alimentação, Vale refeição, Vale transporte",,,,
241,M,Ensino superior completo,30-39,N,N,B-SC,CLT,Totalmente presencial,TEC,101-500,Android Primário,Pleno,11,S,SC,Região metropolitana,6000-9000,"Plano de saúde, Plano odontológico, Vale alimentação, Vale refeição, Vale transporte, Home office parcial",,,,
242,M,Ensino superior incompleto,30-39,N,N,B-SP,CLT,Totalmente presencial,TEC,501,Android Primário,Especialista,11,S,SP,Região metropolitana,12000-15000,"Plano de saúde, Plano odontológico, Vale alimentação, Vale refeição, Vale transporte, Seguro de vida",,,,
243,M,Pós-graduação,30-39,N,N,B-SP,CLT,Parcialmente presencial,TEC,51-100,Android Secundário,Líder Técnico,3-5,S,SP,Região metropolitana,6000-9000,"Plano de saúde, Vale refeição",,,,
244,M,Ensino superior incompleto,21-29,N,N,B-OU,PJS,Totalmente remoto,TEC,501,Android Primário,Sênior,3-5,S,RJ,Região metropolitana,12000-15000,"Plano de saúde, Plano odontológico, Vale alimentação, Vale refeição, Vale transporte, Home office liberado",,,,
245,M,Ensino superior incompleto,21-29,N,N,B-SP,EST,Totalmente remoto,ALI,501,Android Primário,Estagiário/Trainee,11,S,SP,Região metropolitana,1000-3000,"Plano de saúde, Plano odontológico, Vale refeição, Vale transporte, Auxílio para Auxílio para eventosntos, Férias, 13º Salário",,,,
246,M,Ensino superior completo,30-39,N,N,B-BA,CLT,Parcialmente presencial,TEC,11-50,Android Primário,Júnior,3-5,S,BA,Região metropolitana,3000-6000,"Auxílio para Estacionamentoudos, Auxílio para Auxílio para eventosntos, Home office liberado, Férias, 13º Salário, Academiademia, Participação nos lucros",,,,
247,M,Ensino superior completo,21-29,N,N,B-MG,CLT,Parcialmente presencial,TEC,0,Android Primário,Pleno,11,S,MG,Região metropolitana,6000-9000,"Plano de saúde, Plano odontológico, Vale alimentação, Vale refeição, Vale transporte, Seguro de vida, Auxílio creche, Home office liberado, Outros",,,,
248,M,Ensino superior completo,21-29,N,N,B-SP,PJS,Parcialmente presencial,OUT,501,Android Primário,Pleno,1-2,S,SP,Região metropolitana,6000-9000,"Plano de saúde, Vale refeição, Seguro de vida, Home office liberado",,,,
249,M,Ensino superior completo,30-39,S,S,B-BA,CLT,,VAR,101-500,Não relacionado,,,,,,,,,,,
250,M,Ensino superior completo,21-29,N,N,E-EU,CLT,Parcialmente presencial,VAR,501,Android Primário,Sênior,5-10,N,,,,,EU,EUR,3000-6000,S
251,M,Ensino superior completo,21-29,N,N,B-SP,PJS,Totalmente remoto,FIN,51-100,Android Primário,Sênior,1-2,S,SP,Região metropolitana,12000-15000,"Auxílio para Auxílio para eventosntos, Home office parcial, Férias",,,,
252,M,Ensino superior completo,30-39,N,N,B-SP,CLT,Parcialmente presencial,VAR,501,Android Primário,Sênior,11,S,SP,Região metropolitana,6000-9000,Home office parcial,,,,
253,F,Mestrado,21-29,N,N,B-CE,CLT,Remoto devido ao COVID,FIN,501,Android Primário,Pleno,1-2,S,OU,Região metropolitana,3000-6000,"Plano de saúde, Plano odontológico, Vale alimentação, Vale refeição, Vale transporte, Seguro de vida, Auxílio creche, Auxílio para Estacionamentoudos, Academia",,,,
254,M,Ensino superior completo,21-29,N,N,B-ES,PJS,Totalmente remoto,COM,0,Android Primário,Sênior,1-2,N,,,,,AN,USD,6000-9000,N/A
255,F,Pós-graduação,30-39,N,N,E-AN,PJS,Totalmente remoto,TEC,51-100,Android Primário,Sênior,11,S,SP,Região metropolitana,12000-15000,"Estacionamentoacionamento, Auxílio para Auxílio para eventosntos, Férias, 13º Salário",,,,
256,M,Ensino superior completo,30-39,N,N,B-SP,CLT,Totalmente presencial,FIN,101-500,Android Primário,Sênior,5-10,S,SP,Região metropolitana,6000-9000,"Plano de saúde, Plano odontológico, Vale refeição, Seguro de vida, Auxílio creche",,,,
257,M,Pós-graduação,30-39,N,N,B-SP,PJS,Totalmente remoto,OUT,101-500,Android Primário,Sênior,1-2,S,SP,Região metropolitana,6000-9000,"Plano de saúde, Plano odontológico, Vale alimentação, Estacionamentoacionamento, Seguro de vida, Auxílio creche, Auxílio para estudos",,,,
258,M,Ensino superior completo,30-39,N,N,B-SP,CLT,Totalmente presencial,COM,11-50,Android Primário,Sênior,1-2,S,SP,Região metropolitana,6000-9000,"Plano de saúde, Plano odontológico, Vale alimentação, Vale refeição, Seguro de vida, Auxílio creche, Auxílio para Estacionamentoudos, Auxílio para Auxílio para eventosntos, Home office parcial",,,,
259,M,Ensino superior incompleto,18-20,N,N,B-SC,PJS,Totalmente remoto,TEC,11-50,Android Primário,Júnior,1-2,S,RJ,Região metropolitana,3000-6000,"Plano de saúde, Plano odontológico, Vale alimentação, Vale refeição, Vale transporte, Estacionamentoacionamento, Auxílio para Estacionamentoudos, Auxílio para Auxílio para eventosntos, Home office parcial",,,,
260,M,Ensino superior completo,21-29,N,N,B-SP,CLT,Totalmente presencial,OUT,101-500,Android Secundário,Sênior,5-10,N,,,,,EU,EUR,3000-6000,S
261,M,Ensino superior completo,21-29,N,N,B-RS,PJS,Totalmente presencial,TEC,101-500,Android Primário,Pleno,3-5,S,RS,Região metropolitana,6000-9000,Home office parcial,,,,
262,F,Ensino superior incompleto,21-29,S,S,B-BA,CLT,Totalmente remoto,FIN,101-500,Android Primário,Júnior,5-10,S,RS,Região metropolitana,3000-6000,"Plano de saúde, Plano odontológico, Vale alimentação, Vale refeição, Férias, 13º Salário",,,,
263,M,Ensino superior completo,21-29,N,N,B-PR,PJS,Parcialmente presencial,TEC,11-50,Android Primário,Líder Técnico,11,S,PR,Região metropolitana,6000-9000,"Férias, Nenhum benefício",,,,
264,M,Ensino superior completo,21-29,N,S,B-SP,CLT,Totalmente remoto,FIN,501,Android Secundário,Sênior,11,S,SP,Região metropolitana,6000-9000,"Estacionamentoacionamento, Home office parcial, Home office liberado, Férias, 13º Salário",,,,
265,M,Ensino superior incompleto,21-29,S,N,B-BA,CLT,Parcialmente presencial,TEC,101-500,Android Primário,Júnior,11,S,BA,Região metropolitana,1000-3000,"Vale alimentação, Vale refeição",,,,
266,M,Pós-graduação,21-29,N,N,B-SP,CLT,Parcialmente presencial,FIN,501,Android Primário,Sênior,11,S,SP,Região metropolitana,6000-9000,"Plano de saúde, Plano odontológico, Vale refeição, Vale transporte, Auxílio para Estacionamentoudos, Auxílio para eventos",,,,
267,M,Ensino superior completo,40-49,S,N,B-GO,CLT,Totalmente presencial,MOB,51-100,Android Secundário,Pleno,1-2,S,OU,Região metropolitana,3000-6000,"Plano de saúde, Plano odontológico, Vale alimentação, Vale refeição, Vale transporte, Auxílio para Auxílio para eventosntos, Home office parcial, Férias, 13º Salário",,,,
268,M,Ensino superior completo,30-39,N,N,B-SP,CLT,Parcialmente presencial,LOG,101-500,Android Primário,Pleno,5-10,S,SP,Região metropolitana,3000-6000,"Plano de saúde, Plano odontológico, Vale alimentação, Vale refeição, Vale transporte, Auxílio para estudos",,,,
269,M,Ensino superior completo,21-29,N,N,B-BA,SOC,Totalmente remoto,TEC,6-10,Android Primário,Outro,1-2,S,SP,Região metropolitana,3000-6000,Home office parcial,,,,
270,F,Ensino superior completo,21-29,N,N,B-MG,CLT,Totalmente remoto,TEC,501,Android Primário,Pleno,11,S,MG,Região metropolitana,6000-9000,"Plano de saúde, Plano odontológico, Vale alimentação, Vale refeição, Seguro de vida",,,,
271,M,Ensino superior incompleto,21-29,N,N,B-SP,CLT,Parcialmente presencial,FIN,501,Android Primário,Pleno,5-10,S,SP,Região metropolitana,6000-9000,"Plano de saúde, Plano odontológico, Vale refeição, Vale transporte",,,,
272,M,Ensino superior incompleto,21-29,N,N,B-SP,CLT,Parcialmente presencial,FIN,0,Android Primário,Sênior,5-10,S,SP,Região metropolitana,6000-9000,"Plano de saúde, Plano odontológico, Vale alimentação, Vale transporte",,,,
273,M,Ensino superior completo,21-29,N,N,B-PR,CLT,Totalmente remoto,TEC,11-50,Android Primário,Pleno,3-5,S,PR,Região metropolitana,3000-6000,Nenhum benefício,,,,
274,M,Ensino superior completo,21-29,N,N,B-SP,CLT,Totalmente presencial,TEC,101-500,Android Primário,Júnior,11,S,SP,Interior,3000-6000,"Plano de saúde, Plano odontológico, Vale alimentação, Vale transporte, Estacionamentoacionamento, Seguro de vida, Auxílio creche, Auxílio para Estacionamentoudos, Auxílio para Auxílio para eventosntos, Home office liberado, Férias, 13º Salário",,,,
275,F,Pós-graduação,21-29,N,N,B-RS,CLT,Totalmente remoto,TEC,501,Android Primário,Pleno,11,S,SP,Região metropolitana,6000-9000,"Plano de saúde, Vale alimentação, Seguro de vida",,,,
276,M,Ensino superior completo,30-39,S,N,B-RJ,PJS,Totalmente presencial,TEC,11-50,Android Primário,Pleno,1-2,S,RJ,Região metropolitana,6000-9000,"Plano de saúde, Plano odontológico, Vale alimentação, Vale refeição, Vale transporte, Estacionamentoacionamento, Home office parcial",,,,
277,M,Ensino superior completo,21-29,N,N,B-SP,CLT,Parcialmente presencial,TEC,501,Android Secundário,Pleno,1-2,S,SP,Interior,3000-6000,"Plano de saúde, Plano odontológico, Vale alimentação, Vale refeição, Vale transporte, Estacionamentoacionamento, Auxílio para Estacionamentoudos, Home office parcial",,,,
278,M,Ensino superior completo,21-29,S,N,B-BA,CLT,,TEC,501,Não relacionado,,,,,,,,,,,
279,M,Ensino superior incompleto,21-29,N,N,B-SC,PJS,Totalmente remoto,OUT,51-100,Android Primário,,1-2,N,,,,,EU,EUR,1000-3000,N/A
280,M,Ensino superior incompleto,21-29,N,N,B-MG,CLT,Remoto devido ao COVID,TEC,101-500,Android Primário,Líder Técnico,11,S,MG,Região metropolitana,3000-6000,"Plano de saúde, Plano odontológico, Vale alimentação, Vale refeição, Vale transporte",,,,
281,M,Pós-graduação,21-29,N,N,B-PR,CLT,Totalmente presencial,FIN,501,Android Primário,Sênior,11,S,SP,Região metropolitana,6000-9000,"Plano de saúde, 13º Salário",,,,
282,F,Pós-graduação,21-29,N,N,B-MG,PJS,Totalmente remoto,TEC,11-50,Android Primário,Líder Técnico,3-5,S,RS,Região metropolitana,6000-9000,Férias,,,,
283,M,Ensino superior completo,21-29,N,N,B-SP,CLT,Totalmente presencial,OUT,101-500,Android Primário,Pleno,1-2,S,SP,Interior,3000-6000,Home office parcial,,,,
284,M,Pós-graduação,30-39,N,N,B-SP,CLT,Totalmente presencial,MOB,501,Android Primário,Sênior,11,S,SP,Região metropolitana,15001,"Plano de saúde, Plano odontológico, Vale alimentação, Vale refeição, Vale transporte, Estacionamentoacionamento, Seguro de vida, Auxílio creche, Auxílio para Estacionamentoudos, Home office parcial",,,,
285,M,Ensino superior completo,21-29,N,N,B-PE,CLT,Parcialmente presencial,TEC,501,Android Primário,Sênior,11,S,PE,Região metropolitana,6000-9000,"Plano de saúde, Plano odontológico, Vale alimentação, Vale transporte, Seguro de vida, Home office parcial",,,,
286,M,Ensino superior completo,21-29,N,N,B-MS,CLT,Totalmente remoto,VAR,101-500,Android Primário,Sênior,3-5,S,SP,Região metropolitana,6000-9000,"Plano de saúde, Plano odontológico, Vale alimentação, Vale refeição, Vale transporte, Seguro de vida, Home office liberado, Participação nos lucros",,,,
287,M,Ensino superior completo,21-29,N,N,B-SP,CLT,Parcialmente presencial,FIN,501,Android Primário,Sênior,11,S,SP,Região metropolitana,6000-9000,"Plano de saúde, Plano odontológico, Vale alimentação, Vale refeição, Vale transporte, Auxílio creche, Auxílio para Estacionamentoudos, Auxílio para Auxílio para eventosntos, Home office parcial",,,,
288,M,Ensino superior incompleto,30-39,N,N,B-BA,PJS,Totalmente remoto,MOB,101-500,Android Primário,Sênior,3-5,S,SP,Região metropolitana,6000-9000,Nenhum benefício,,,,
289,M,Pós-graduação,30-39,N,N,B-MG,CLT,Parcialmente presencial,TEC,11-50,Android Primário,Sênior,1-2,S,MG,Região metropolitana,6000-9000,"Vale refeição, Vale transporte, Home office parcial",,,,
290,M,Ensino superior completo,30-39,N,N,E-EU,PJS,Parcialmente presencial,FIN,501,Android Primário,Sênior,11,N,,,,,EU,EUR,3000-6000,S
291,M,Pós-graduação,21-29,N,N,B-SC,CLT,Parcialmente presencial,TEC,101-500,Android Primário,Pleno,1-2,S,SC,Região metropolitana,3000-6000,Férias,,,,
292,M,Mestrado,30-39,N,N,E-EU,CLT,Totalmente presencial,OUT,101-500,Android Primário,Pleno,1-2,N,,,,,EU,EUR,3000-6000,N/A
293,M,Ensino superior incompleto,21-29,N,N,B-RJ,CLT,Totalmente presencial,ENT,501,Android Primário,Sênior,11,S,RJ,Região metropolitana,6000-9000,"Plano de saúde, Plano odontológico, Vale alimentação, Vale refeição, Vale transporte, Estacionamentoacionamento, Seguro de vida, Auxílio creche, Home office parcial, Home office liberado, Participação nos lucros",,,,
294,M,Pós-graduação,21-29,N,N,B-GO,PJS,Totalmente remoto,TEC,51-100,Android Primário,Júnior,5-10,S,SP,Região metropolitana,1000-3000,"Plano de saúde, Plano odontológico, Vale alimentação, Vale refeição, Estacionamentoacionamento, Home office parcial",,,,
295,M,Ensino superior completo,21-29,S,N,E-EU,CLT,Parcialmente presencial,COM,101-500,Android Primário,Sênior,3-5,N,,,,,EU,OUT,3000-6000,N
296,M,Ensino superior completo,21-29,N,N,B-SP,PJS,Totalmente remoto,TEC,501,Android Primário,Sênior,11,N,,,,,AS,USD,3000-6000,N/A
297,M,Ensino superior completo,21-29,N,N,B-SP,CLT,Parcialmente presencial,FIN,501,Android Primário,Pleno,11,S,SP,Região metropolitana,6000-9000,"Plano de saúde, Plano odontológico, Vale alimentação, Vale refeição, Seguro de vida, Auxílio creche, Home office parcial",,,,
298,M,Ensino superior incompleto,21-29,N,N,B-OU,PJS,Totalmente remoto,FIN,501,Android Primário,Pleno,11,S,RJ,Região metropolitana,6000-9000,"Plano de saúde, Plano odontológico, Vale alimentação, Seguro de vida",,,,
299,M,Ensino superior completo,18-20,N,N,B-OU,CLT,Totalmente remoto,ALI,101-500,Android Primário,Pleno,11,S,BA,Região metropolitana,3000-6000,"Plano de saúde, Plano odontológico, Vale alimentação, Vale refeição, Vale transporte, Seguro de vida, Auxílio para Auxílio para eventosntos, Home office parcial, 13º Salário",,,,
300,M,Ensino superior incompleto,21-29,N,N,B-SC,PJS,Totalmente remoto,FIN,1-5,Android Primário,Sênior,1-2,S,SP,Região metropolitana,15001,"Plano de saúde, Plano odontológico, Vale alimentação, Vale refeição, Vale transporte, Seguro de vida, Férias, 13º Salário",,,,
301,M,Ensino superior completo,21-29,N,N,B-SC,CLT,Totalmente remoto,FIN,6-10,Android Primário,Júnior,1-2,S,SC,Interior,3000-6000,"Plano de saúde, Plano odontológico, Vale alimentação, Vale refeição, Vale transporte, Estacionamentoacionamento, Seguro de vida, Auxílio creche, Auxílio para Estacionamentoudos, Auxílio para Auxílio para eventosntos, Home office liberado",,,,
302,M,Ensino superior incompleto,30-39,N,N,B-RS,CLT,Totalmente presencial,FIN,501,Android Primário,Sênior,3-5,S,RS,Região metropolitana,6000-9000,"Home office parcial, Home office liberado",,,,
303,F,Pós-graduação,30-39,N,N,B-SP,CLT,Parcialmente presencial,COM,501,Android Primário,Sênior,1-2,S,SP,Região metropolitana,6000-9000,"Plano de saúde, Plano odontológico, Vale alimentação, Vale refeição, Vale transporte, Seguro de vida, Auxílio creche, Home office liberado",,,,
304,M,Ensino superior completo,30-39,S,N,B-ES,CLT,Totalmente remoto,FIN,6-10,Android Primário,Júnior,1-2,S,ES,Região metropolitana,3000-6000,"Plano de saúde, Plano odontológico, Vale alimentação, Vale refeição, Vale transporte, Estacionamentoacionamento, Seguro de vida, Auxílio creche, Auxílio para Estacionamentoudos, Auxílio para Auxílio para eventosntos, Home office parcial, Academia",,,,
305,M,Ensino superior completo,30-39,N,N,B-RJ,CLT,Parcialmente presencial,VAR,501,Android Secundário,Sênior,11,N,,,,,EU,BRL,9000-12000,N/A
306,M,Ensino superior completo,21-29,N,N,B-SP,CLT,Totalmente presencial,FIN,501,Android Primário,Especialista,5-10,S,SP,Região metropolitana,12000-15000,"Plano de saúde, Plano odontológico, Vale alimentação, Estacionamentoacionamento, Seguro de vida, Auxílio creche, Auxílio para Estacionamentoudos, Auxílio para Auxílio para eventosntos, Home office parcial",,,,
307,M,Ensino superior completo,21-29,N,S,B-SP,CLT,Parcialmente presencial,TEC,501,Android Primário,Sênior,11,S,SP,Região metropolitana,6000-9000,"Plano de saúde, Plano odontológico, Vale alimentação, Vale refeição",,,,
308,M,Ensino superior incompleto,30-39,N,N,B-SP,CLT,Parcialmente presencial,OUT,101-500,Android Primário,Líder Técnico,3-5,S,SP,Região metropolitana,15001,"Plano de saúde, Plano odontológico, Vale alimentação, Vale refeição, Vale transporte, Seguro de vida, Auxílio creche",,,,
309,M,Pós-graduação,21-29,N,N,B-MG,CLT,Parcialmente presencial,TEC,501,Android Primário,Sênior,11,S,MG,Região metropolitana,6000-9000,"Plano de saúde, Plano odontológico, Vale alimentação, Vale refeição, Vale transporte, Seguro de vida, Auxílio para Estacionamentoudos, Auxílio para Auxílio para eventosntos, Home office liberado",,,,
310,M,Ensino superior incompleto,21-29,N,N,B-SP,PJS,Parcialmente presencial,TEC,51-100,Android Primário,Pleno,3-5,S,SP,Região metropolitana,12000-15000,"Plano de saúde, Plano odontológico, Vale refeição, Vale transporte",,,,
311,M,Ensino superior incompleto,21-29,N,N,B-RS,CLT,Parcialmente presencial,TEC,501,Android Primário,Pleno,11,S,RS,Região metropolitana,3000-6000,"Plano de saúde, Plano odontológico, Vale alimentação, Estacionamentoacionamento, Auxílio creche, Auxílio para Estacionamentoudos, Auxílio para Auxílio para eventosntos, Home office liberado",,,,
312,M,Ensino superior incompleto,18-20,N,S,B-BA,CLT,Remoto devido ao COVID,TEC,101-500,Android Secundário,Júnior,11,S,BA,Região metropolitana,1000-3000,"Plano de saúde, Plano odontológico, Vale refeição, Vale transporte, Home office parcial",,,,
313,M,Ensino médio completo,21-29,N,N,B-RJ,NTR,,,,,,,,,,,,,,,
314,M,Pós-graduação,21-29,S,N,B-MG,CLT,Totalmente remoto,FIN,101-500,Android Primário,Pleno,3-5,S,MG,Interior,3000-6000,"Plano de saúde, Plano odontológico, Vale alimentação, Vale refeição, Seguro de vida, Auxílio creche",,,,
315,M,Ensino superior incompleto,21-29,N,N,B-MG,CLT,Totalmente presencial,OUT,501,Android Primário,Especialista,5-10,S,MG,Região metropolitana,6000-9000,"Plano de saúde, Plano odontológico, Vale alimentação, Vale refeição, Vale transporte, Estacionamentoacionamento, Seguro de vida, Auxílio para Estacionamentoudos, Home office parcial",,,,
316,M,Ensino superior completo,30-39,S,N,B-OU,CLT,Totalmente presencial,TEC,101-500,Android Primário,Especialista,5-10,S,PR,Região metropolitana,3000-6000,"Vale alimentação, Home office liberado, Férias, 13º Salário",,,,
317,M,Pós-graduação,30-39,N,N,B-GO,CLT,Parcialmente presencial,TEC,51-100,Android Primário,Sênior,3-5,S,OU,Interior,6000-9000,Home office parcial,,,,
318,M,Ensino superior completo,21-29,N,N,B-OU,CLT,Parcialmente presencial,TEC,501,Android Primário,Sênior,11,S,SP,Região metropolitana,6000-9000,Nenhum benefício,,,,
319,O,Ensino superior incompleto,30-39,N,N,B-BA,EST,,TEC,6-10,Não relacionado,,,,,,,,,,,
320,M,Ensino superior completo,30-39,N,N,B-SP,PJS,Totalmente presencial,TEC,6-10,Android Primário,Pleno,11,S,SP,Região metropolitana,3000-6000,"Plano de saúde, Vale alimentação, Vale refeição, Vale transporte, Home office liberado",,,,
321,M,Ensino superior completo,21-29,N,S,B-OU,CLT,Parcialmente presencial,TEC,11-50,Android Primário,Especialista,5-10,S,OU,Região metropolitana,3000-6000,"Plano de saúde, Plano odontológico, Vale alimentação, Estacionamentoacionamento, Auxílio creche, Home office parcial",,,,
322,M,Ensino superior completo,21-29,N,N,B-SP,CLT,Totalmente presencial,TEC,0,Android Primário,Pleno,11,S,SP,Região metropolitana,6000-9000,"Plano de saúde, Vale alimentação, Vale transporte, Seguro de vida, Home office liberado, Outros",,,,
323,M,Ensino superior completo,21-29,N,N,B-SP,PJS,,FIN,501,Não relacionado,,,,,,,,,,,